acciones,n_acciones,validacion,politica,recompensa,F1,error_conteo_rel,error_inventario,brecha_cerrada,segundos_img,frac_deepforest
Clásicas (v0.4),32,site,Oráculo,0.3116,0.3629,0.3235,0.0372,1.0,0.031,0.0
Clásicas (v0.4),32,site,Ridge (información completa),0.0965,0.2429,2.4627,0.5035,0.009,0.033,0.0
Clásicas (v0.4),32,site,Mejor método fijo,0.0945,0.2496,5.0824,1.6312,0.0,0.04,0.0
Clásicas (v0.4),32,site,LinUCB,0.0736,0.2151,2.1167,0.4137,-0.096,0.033,0.0
Clásicas (v0.4),32,site,LinUCB factorizado,0.0546,0.2054,2.7851,0.3666,-0.184,0.028,0.0
Clásicas (v0.4),32,image,Oráculo,0.3116,0.3629,0.3235,-0.0136,1.0,0.031,0.0
Clásicas (v0.4),32,image,Ridge (información completa),0.1815,0.2901,1.89,0.0697,0.356,0.034,0.0
Clásicas (v0.4),32,image,LinUCB,0.1457,0.2657,1.7219,0.0382,0.179,0.032,0.0
Clásicas (v0.4),32,image,LinUCB factorizado,0.1402,0.2649,2.466,0.0634,0.152,0.032,0.0
Clásicas (v0.4),32,image,Mejor método fijo,0.1095,0.2593,4.9111,0.322,0.0,0.04,0.0
Clásicas + NDVI real,46,site,Oráculo,0.3356,0.389,0.2764,0.0422,1.0,0.031,0.0
Clásicas + NDVI real,46,site,Ridge (información completa),0.0952,0.2489,2.7375,0.8549,0.003,0.035,0.0
Clásicas + NDVI real,46,site,Mejor método fijo,0.0945,0.2496,5.0824,1.6312,0.0,0.04,0.0
Clásicas + NDVI real,46,site,LinUCB factorizado,0.0828,0.2251,1.9684,0.2585,-0.049,0.032,0.0
Clásicas + NDVI real,46,site,LinUCB,0.0764,0.2206,2.3122,0.4037,-0.075,0.032,0.0
Clásicas + NDVI real,46,image,Oráculo,0.3356,0.389,0.2764,-0.0112,1.0,0.031,0.0
Clásicas + NDVI real,46,image,Ridge (información completa),0.1831,0.2931,1.7462,0.0647,0.326,0.034,0.0
Clásicas + NDVI real,46,image,LinUCB factorizado,0.1529,0.2759,1.7983,0.0385,0.192,0.031,0.0
Clásicas + NDVI real,46,image,LinUCB,0.151,0.2731,1.978,0.0444,0.184,0.033,0.0
Clásicas + NDVI real,46,image,Mejor método fijo,0.1095,0.2593,4.9111,0.322,0.0,0.04,0.0
Clásicas + DeepForest,40,site,Oráculo,0.706,0.7451,0.1691,-0.0786,1.0,3.174,0.959
Clásicas + DeepForest,40,site,Ridge (información completa),0.622,0.6929,0.3205,-0.1977,0.038,3.262,0.985
Clásicas + DeepForest,40,site,Mejor método fijo,0.6187,0.6916,0.3319,-0.1442,0.0,3.309,1.0
Clásicas + DeepForest,40,site,LinUCB factorizado,0.5849,0.6673,0.3969,-0.1543,-0.387,3.244,0.979
Clásicas + DeepForest,40,site,LinUCB,0.5544,0.6439,0.5589,-0.162,-0.737,3.194,0.964
Clásicas + DeepForest,40,image,Oráculo,0.706,0.7451,0.1691,-0.1216,1.0,3.174,0.959
Clásicas + DeepForest,40,image,Mejor método fijo,0.6389,0.7055,0.2915,-0.2017,0.0,3.309,1.0
Clásicas + DeepForest,40,image,Ridge (información completa),0.6378,0.7049,0.3259,-0.1616,-0.016,3.304,0.998
Clásicas + DeepForest,40,image,LinUCB factorizado,0.6147,0.6875,0.3569,-0.1613,-0.361,3.258,0.984
Clásicas + DeepForest,40,image,LinUCB,0.6051,0.6812,0.364,-0.1599,-0.504,3.265,0.986
Todas,58,site,Oráculo,0.7085,0.7469,0.1664,-0.0793,1.0,3.142,0.95
Todas,58,site,Ridge (información completa),0.6264,0.6961,0.3144,-0.1968,0.086,3.279,0.991
Todas,58,site,Mejor método fijo,0.6187,0.6916,0.3319,-0.1442,0.0,3.309,1.0
Todas,58,site,LinUCB,0.5799,0.6615,0.4675,-0.0985,-0.432,3.215,0.97
Todas,58,site,LinUCB factorizado,0.5779,0.6609,0.42,-0.2062,-0.454,3.218,0.972
Todas,58,image,Oráculo,0.7085,0.7469,0.1664,-0.1222,1.0,3.142,0.95
Todas,58,image,Mejor método fijo,0.6389,0.7055,0.2915,-0.2017,0.0,3.309,1.0
Todas,58,image,Ridge (información completa),0.6352,0.703,0.3242,-0.165,-0.053,3.304,0.998
Todas,58,image,LinUCB factorizado,0.608,0.683,0.3621,-0.1669,-0.444,3.254,0.982
Todas,58,image,LinUCB,0.6076,0.6841,0.3684,-0.1639,-0.45,3.269,0.987
