lambda_s,politica,F1,error_conteo_rel,recompensa,segundos_img,frac_deepforest
0.0,Oráculo,0.7469,0.1664,0.7085,3.142,0.95
0.0,Mejor método fijo,0.6916,0.3319,0.6187,3.309,1.0
0.0,LinUCB factorizado,0.6576,0.4242,0.573,3.218,0.972
0.005,Oráculo,0.7459,0.1606,0.6929,3.09,0.934
0.005,Mejor método fijo,0.6916,0.3319,0.6022,3.309,1.0
0.005,LinUCB factorizado,0.6562,0.4584,0.5573,3.196,0.965
0.01,Oráculo,0.7457,0.1606,0.6776,3.065,0.926
0.01,Mejor método fijo,0.6916,0.3319,0.5856,3.309,1.0
0.01,LinUCB factorizado,0.6597,0.4982,0.5442,3.247,0.98
0.02,Oráculo,0.7446,0.1585,0.6472,3.023,0.913
0.02,Mejor método fijo,0.6916,0.3319,0.5525,3.309,1.0
0.02,LinUCB factorizado,0.6427,0.4577,0.4936,3.085,0.932
0.05,Oráculo,0.7246,0.1498,0.5631,2.533,0.765
0.05,Mejor método fijo,0.6916,0.3319,0.4533,3.309,1.0
0.05,LinUCB factorizado,0.6332,0.5115,0.3999,2.937,0.885
0.1,Oráculo,0.6603,0.1591,0.4633,1.586,0.475
0.1,Mejor método fijo,0.6916,0.3319,0.2878,3.309,1.0
0.1,LinUCB factorizado,0.5116,0.8322,0.2062,2.016,0.603
0.2,Oráculo,0.5252,0.187,0.3617,0.599,0.176
0.2,Mejor método fijo,0.2496,5.0824,0.0864,0.04,0.0
0.2,LinUCB factorizado,0.3076,1.785,0.0563,0.57,0.164
0.5,Oráculo,0.3884,0.2655,0.3214,0.028,0.0
0.5,Mejor método fijo,0.2496,5.0824,0.0743,0.04,0.0
0.5,LinUCB factorizado,0.2223,2.9357,0.0536,0.04,0.002
