familia,validacion,metodo_mas_elegido,F1,F1_sd,error_conteo_rel,error_inventario,recompensa,oraculo_familia_F1,segundos_img
Clásico RGB,site,wsd_exg-otsu_4m,0.25,0.0,5.3854,1.7554,0.095,0.3507,0.039
Clásico RGB,image,wsd_exg-otsu_4m,0.2696,0.0,5.6204,0.4384,0.1169,0.3507,0.042
Clásico NDVI sintético,site,wsd_ndvi-otsu_4m,0.2388,0.0,1.7161,-0.1348,0.1123,0.2865,0.033
Clásico NDVI sintético,image,wsd_ndvi-otsu_4m,0.2388,0.0,1.7161,-0.1753,0.1123,0.2865,0.033
Clásico NDVI real,site,lmw_hsi_4m,0.1413,0.0,3.8512,1.0867,-0.0207,0.2204,0.033
Clásico NDVI real,image,lmw_hsi_4m,0.1424,0.0016,3.6895,0.0657,-0.0165,0.2204,0.033
DeepForest (RGB),site,df_rgb_s0.3,0.6916,0.0,0.3319,-0.1442,0.6187,0.742,3.309
DeepForest (RGB),image,df_rgb_s0.3,0.7055,0.0031,0.2915,-0.2017,0.6389,0.742,3.309
DeepForest + NDVI sintético,site,df_ndvi_s0.2,0.3654,0.0,0.6095,-0.5215,0.217,0.3788,3.311
DeepForest + NDVI sintético,image,df_ndvi_s0.2,0.3632,0.0019,0.6165,-0.3403,0.2131,0.3788,3.311
DeepForest + NDVI real,site,df_hsi_s0.3,0.6893,0.0,0.3154,-0.1556,0.6182,0.7375,3.311
DeepForest + NDVI real,image,df_hsi_s0.3,0.6975,0.0015,0.3106,-0.1786,0.6275,0.7375,3.311
