sitio,imagenes,arboles,Clásico RGB,Clásico NDVI sintético,Clásico NDVI real,DeepForest (RGB),DeepForest + NDVI sintético,DeepForest + NDVI real
WREF,5,178,0.509,0.391,0.261,0.767,0.706,0.767
BONA,4,255,0.304,0.35,0.101,0.761,0.733,0.761
TEAK,51,1468,0.35,0.304,0.174,0.757,0.304,0.741
SJER,61,427,0.084,0.043,0.106,0.722,0.083,0.721
HARV,3,171,0.502,0.486,0.322,0.721,0.73,0.721
MLBS,8,481,0.384,0.284,0.234,0.704,0.7,0.704
OSBS,14,497,0.468,0.442,0.098,0.685,0.583,0.683
JERC,6,101,0.263,0.277,0.184,0.646,0.601,0.646
DSNY,6,87,0.344,0.261,0.027,0.55,0.632,0.55
NIWO,11,1624,0.204,0.259,0.023,0.545,0.527,0.541
