site,agent_top,oracle_top
SJER,"wsd_dark_7m (44 %), lmw_exg-otsu_7m (8 %)","wsd_dark_7m (37 %), lmw_exg-otsu_7m (13 %)"
TEAK,"wsd_exg-otsu_4m (51 %), wsd_exg-otsu_7m (6 %)","wsd_exg-otsu_4m (32 %), wsd_ndvi_4m (9 %)"
OSBS,"wsd_exg-otsu_4m (28 %), wsd_ndvi-otsu_4m (11 %)","wsd_exg-otsu_4m (39 %), lmw_exg_4m (7 %)"
NIWO,"wsd_exg-otsu_2m (14 %), wsd_ndvi_2m (13 %)","wsd_ndvi-otsu_2m (23 %), wsd_exg_2m (17 %)"
MLBS,"lmw_exg_4m (45 %), lmw_ndvi_4m (18 %)","wsd_exg-otsu_4m (47 %), lmw_exg_4m (34 %)"
DSNY,"wsd_ndvi-otsu_7m (17 %), wsd_exg_4m (14 %)","lmw_exg-otsu_7m (33 %), lmw_exg-otsu_4m (33 %)"
JERC,"lmw_exg-otsu_4m (19 %), wsd_exg-otsu_4m (15 %)","lmw_ndvi_7m (21 %), wsd_ndvi-otsu_7m (17 %)"
WREF,"lmw_exg-otsu_4m (43 %), lmw_ndvi-otsu_4m (14 %)","lmw_exg-otsu_4m (60 %), lmw_exg-otsu_7m (40 %)"
BONA,"lmw_exg_4m (16 %), wsd_exg_4m (16 %)","wsd_exg_4m (25 %), wsd_ndvi-otsu_2m (25 %)"
HARV,"lmw_exg_4m (38 %), lmw_ndvi-otsu_4m (24 %)","wsd_exg-otsu_4m (67 %), wsd_ndvi-otsu_4m (33 %)"
UNDE,"lmw_exg_4m (22 %), lmw_ndvi_4m (19 %)","lmw_exg_4m (67 %), wsd_ndvi_2m (17 %)"
ABBY,"wsd_exg-otsu_4m (32 %), wsd_ndvi-otsu_4m (9 %)","lmw_ndvi_2m (50 %), lmw_ndvi_4m (38 %)"
BLAN,"lmw_exg-otsu_4m (24 %), lmw_exg_4m (21 %)","lmw_exg-otsu_4m (50 %), wsd_ndvi_4m (25 %)"
LENO,"lmw_exg_4m (28 %), wsd_ndvi-otsu_4m (20 %)","lmw_exg_4m (50 %), wsd_ndvi_4m (38 %)"
SERC,"lmw_exg_4m (41 %), wsd_exg-otsu_4m (36 %)","wsd_ndvi-otsu_4m (50 %), lmw_exg_4m (50 %)"
SOAP,"wsd_exg-otsu_4m (32 %), wsd_ndvi-otsu_4m (18 %)","wsd_ndvi-otsu_4m (50 %), lmw_ndvi_4m (50 %)"
TALL,"wsd_exg-otsu_4m (36 %), wsd_ndvi-otsu_4m (21 %)","wsd_exg-otsu_4m (50 %), wsd_ndvi_4m (25 %)"
BART,"lmw_exg_4m (25 %), lmw_exg-otsu_4m (20 %)","lmw_exg-otsu_4m (50 %), wsd_exg-otsu_4m (50 %)"
CLBJ,"lmw_exg_4m (24 %), wsd_ndvi-otsu_7m (12 %)","wsd_ndvi_4m (50 %), lmw_exg_4m (25 %)"
DELA,"wsd_exg_4m (44 %), wsd_ndvi_4m (21 %)","lmw_exg-otsu_4m (50 %), lmw_exg_4m (50 %)"
SCBI,"lmw_exg_4m (29 %), lmw_exg-otsu_4m (15 %)","wsd_ndvi-otsu_7m (50 %), wsd_exg_4m (38 %)"
ONAQ,"wsd_exg-otsu_4m (50 %), lmw_ndvi-otsu_4m (18 %)",wsd_dark_4m (100 %)
