protocol,policy,test_reward,test_reward_sd,test_f1,test_f1_sd,test_count_err,test_count_err_sd,inventory_err,inventory_err_sd,gap_closed
image,Oráculo,0.3152,0.0,0.3665,0.0,0.3203,0.0,-0.0161,0.0026,1.0
image,Ridge (información completa),0.1832,0.0067,0.2913,0.0064,1.8354,0.088,0.0515,0.0182,0.337
image,LinUCB,0.1545,0.0087,0.2718,0.007,1.5964,0.1654,0.0132,0.0332,0.193
image,LinThompson,0.1473,0.007,0.2656,0.0049,1.8319,0.341,0.0027,0.0182,0.157
image,EpsGreedy,0.1406,0.0079,0.2615,0.0067,2.0101,0.4484,0.0143,0.02,0.123
image,LinUCB factorizado,0.1397,0.0128,0.2619,0.0112,1.9624,0.2641,0.0224,0.0372,0.119
image,Mejor método fijo,0.1161,0.0048,0.2659,0.0062,5.1217,0.3752,0.3123,0.0673,0.0
image,UCB1,0.1093,0.0053,0.2506,0.0085,3.4435,0.9497,0.0495,0.1453,-0.034
image,Random,-0.0068,0.0107,0.1616,0.0075,4.0369,0.7044,0.2302,0.0862,-0.617
site,Oráculo,0.3152,0.0,0.3665,0.0,0.3203,0.0,0.0418,0.0,1.0
site,UCB1,0.0969,0.0173,0.2495,0.0148,4.8192,1.1226,1.4659,0.5506,0.01
site,Ridge (información completa),0.0968,0.0,0.2449,0.0,2.6409,0.0,0.5854,0.0,0.01
site,Mejor método fijo,0.0947,0.0,0.2488,0.0,4.9657,0.0,1.5804,0.0,0.0
site,LinThompson,0.0789,0.0114,0.2251,0.0115,2.4114,0.4059,0.4576,0.1756,-0.072
site,LinUCB,0.0768,0.0107,0.227,0.007,2.5891,0.4846,0.6349,0.2831,-0.081
site,LinUCB factorizado,0.0767,0.011,0.2238,0.0114,2.6707,0.7518,0.4262,0.3207,-0.082
site,EpsGreedy,0.0649,0.0109,0.2113,0.013,2.3333,0.2901,0.3885,0.2744,-0.135
site,Random,-0.008,0.0087,0.1606,0.0073,3.9982,0.2551,0.7824,0.1158,-0.466
